node,Number of nodes,Number of edges,S1,S2,S3,S4,S5,t0,t1,t2,t3,t4,t5,sumMcount,sumTemp,popularity,degree
bestof,294,2881,0.05599947602829448,0.04486507728582657,0.0,0.007466596803772597,0.8916688498821065,0.8270330432273965,0.039576962763773336,0.01121029005949371,0.011447969845811385,0.09389253103565279,0.016839203067872333,15268,1220129,25.82955771305286,246
subredditdrama,292,2781,0.05135187706671854,0.031446540880503145,0.0003241911430979706,0.004798028917849965,0.9120793619918304,0.7934511030593597,0.08641062276396684,0.010269226613551057,0.010484650855019486,0.08851855903328874,0.010865837674814088,15423,1490083,25.199568500539375,240
titlegore,295,3832,0.021700404858299594,0.08286099865047233,5.398110661268556e-05,0.024021592442645075,0.8713630229419703,0.8339948183672344,0.007204674494239568,0.010431251492934971,0.010175844771512045,0.10773753743821546,0.030455873435863513,18525,544230,15.473643006263048,201
drama,293,3233,0.03148765843895931,0.08258839226150767,0.0,0.041227484989993325,0.8446964643095397,0.7734582410978494,0.11255771849349977,0.01331614139984938,0.01375354678716234,0.0669211224963296,0.019993229725309414,7495,525828,13.956696566656356,154
hailcorporate,288,2690,0.060779604655459084,0.08054683170145945,0.0005542213190467394,0.10400886754110475,0.75411047478293,0.8602604445331133,0.03150363189538691,0.009784806797674862,0.009762135790265978,0.06405013013158253,0.024638850851976462,5413,220546,11.241635687732341,105
shitredditsays,294,3020,0.14522821576763487,0.09336099585062241,0.000943040362127499,0.07996982270841192,0.6804979253112033,0.8347106177087048,0.07386795997261324,0.011515406958448795,0.010838366635452883,0.04662423880642559,0.022443409918354657,5302,524341,13.434437086092714,138
switcharoo,289,2623,0.06281920326864146,0.10367722165474974,0.0,0.11559414368403131,0.7179094313925775,0.9199554872887997,0.003686404814896085,0.004664430582113414,0.005642456349330742,0.043729036707313255,0.022322184257546788,5874,319010,11.017918414029737,100
the_donald,290,2835,0.33651551312649164,0.09307875894988067,0.002386634844868735,0.1766109785202864,0.3914081145584726,0.7180088212832941,0.18990383866091048,0.01600299237878528,0.01594065115409192,0.03442170721443823,0.025721989308479964,2095,320815,13.604938271604938,133
shitamericanssay,290,2993,0.053138838239124776,0.12373013805678562,0.0,0.12711643657202396,0.6960145871320657,0.8296037964705111,0.06747499023100013,0.012029986876788629,0.012194874042016862,0.052095309298958496,0.02660104308072469,3839,442727,10.464416972936853,108
botsrights,291,3341,0.10776277724204436,0.16104146576663453,0.00024108003857280618,0.10486981677917069,0.6260848601735777,0.8522195946310753,0.01941537896703273,0.023540337123543576,0.023426954765838434,0.050962670208515554,0.030435064303994296,4148,185214,7.838970368153247,90
askreddit,66,511,0.10362694300518135,0.07772020725388601,0.0,0.8031088082901555,0.015544041450777202,0.8053537956888472,0.05670103092783505,0.017947516401124648,0.02074742268041237,0.05057403936269916,0.04867619493908154,193,85360,8.524461839530334,66
askreddit,333,5339,0.23677429134455055,0.049264817341215704,0.0006063362134303471,0.6765196301349098,0.03683492496589359,0.8299342406952559,0.06734253548545603,0.011152906617502834,0.013321899261002784,0.03039066636943434,0.04785775157134814,6597,1493781,17.089717175501033,274
iama,243,3421,0.19562927856766718,0.06845708267509215,0.0028962611901000523,0.7043180621379673,0.028699315429173245,0.7574975878144509,0.07250227349726289,0.019725436818569964,0.01978289339427693,0.042056232156266034,0.08843557631917326,3798,504729,15.271850336159018,215
pics,231,2757,0.1667143265656277,0.14498141263940523,0.0025736345438947673,0.6205318844724049,0.06519874177866744,0.8088117882471629,0.06076185322149063,0.01466515672342316,0.015326592038055914,0.05637232795165509,0.04406228181821219,3497,299349,10.892274211099021,130
funny,222,2591,0.4129662522202487,0.053730017761989345,0.0008880994671403197,0.40763765541740676,0.12477797513321492,0.6936610091844801,0.16672085239069875,0.023112674287149856,0.023955015997103524,0.04896295913164914,0.04358748900891848,2252,270674,13.36626785025087,156
videos,231,2901,0.2035175879396985,0.09834888729361091,0.0035893754486719313,0.6238334529791817,0.07071069633883705,0.7740418353097954,0.09164853236175989,0.01757550841030076,0.01690920561112017,0.05271943690325142,0.04710548140377241,2786,282154,11.784901758014477,148
todayilearned,229,3228,0.3658931462493254,0.06691851052347544,0.0032379924446842958,0.46141392336751214,0.1025364274150027,0.7778389153985622,0.08884098104833982,0.021723148807966733,0.02220799018590848,0.04867356419299844,0.04071540036622437,1853,443444,10.995972738537795,155
worldnews,230,2776,0.26040061633281975,0.12018489984591679,0.004622496147919877,0.49614791987673346,0.11864406779661017,0.7383225105208885,0.13996962180541234,0.01996878570831359,0.0195437696831192,0.03837685683230679,0.04381845544995959,1947,143524,8.368155619596543,101
gaming,235,3198,0.4633257403189066,0.0560364464692483,0.005922551252847381,0.1753986332574032,0.29931662870159453,0.6037106041967808,0.24420748320406693,0.027114949767189932,0.028736626064938837,0.056161554198901696,0.040068782568121825,2195,306473,13.59443402126329,185
news,227,2913,0.3488700564971751,0.10734463276836158,0.004943502824858757,0.3997175141242938,0.13912429378531074,0.7210172802322219,0.14816694221189156,0.021688955820006222,0.023555024471689775,0.047262826493809786,0.0383089707703808,1416,183273,9.273257809818057,119
gifs,230,3173,0.1387075718015666,0.16546997389033943,0.0016318537859007832,0.5407963446475196,0.15339425587467362,0.832355959038617,0.041939889782078375,0.014337843071967818,0.014127192296976822,0.06452029382385518,0.03271882198650476,3064,147163,6.161361487551214,85
canada,221,2761,0.2768361581920904,0.09416195856873823,0.009416195856873822,0.22975517890772126,0.38983050847457623,0.6924468566259611,0.15866612881538253,0.021978559291992127,0.02570684660236899,0.04619409097021037,0.05500751769408486,531,81807,4.882651213328504,61
kotakuinaction,232,2808,0.19690576652601968,0.09985935302390998,0.0028129395218002813,0.5175808720112518,0.1828410689170183,0.6379285988173801,0.20358822223567638,0.025307259187503785,0.025609977598837562,0.049565094549050476,0.05800084761155174,711,49551,3.9658119658119655,48
findareddit,234,2633,0.24534161490683232,0.10807453416149068,0.009937888198757764,0.4124223602484472,0.22422360248447207,0.8218280739934711,0.05177366702937976,0.01856365614798694,0.017519042437431992,0.0341240478781284,0.05619151251360174,1610,45950,4.088112419293581,46
conspiracy,228,2961,0.13818479149632054,0.15044971381847916,0.0,0.18152085036794768,0.5298446443172526,0.7857951780273412,0.10953577038313302,0.013266998341625208,0.013792880751550546,0.04779302375466202,0.029816148741687944,1223,433557,8.239108409321176,107
programmerhumor,304,4067,0.18227529855436833,0.10370835952231301,0.00251414204902577,0.3400377121307354,0.3714644877435575,0.7001400353773585,0.15201208726415094,0.01545916863207547,0.01645415683962264,0.07626400353773585,0.0396705483490566,1591,54272,3.1394148020654042,42
starcitizen,173,1753,0.2121771217712177,0.08302583025830258,0.00922509225092251,0.566420664206642,0.12915129151291513,0.5682986034488194,0.3223416664039595,0.01935626241291258,0.01989218498786293,0.02641783045931717,0.0436934522871284,542,31721,3.256702795208214,33
talesfromretail,297,4405,0.35439795046968403,0.07344150298889837,0.005123825789923143,0.12724167378309137,0.43979504696840305,0.8219287587133082,0.08774061520752062,0.010743748800920893,0.017170812815757497,0.05295133337596726,0.009464731086525548,1171,31274,1.6181611804767309,24
mtgcoverage,215,2104,0.4838709677419355,0.0,0.0,0.0,0.5161290322580645,0.7902739922536222,0.20599627026251616,0.0015779658585568786,0.0007172572084349449,0.0014345144168698898,0.0,31,6971,0.10218631178707224,1
hiphopheads,235,3106,0.21668909825033647,0.08613728129205922,0.0013458950201884253,0.24360699865410498,0.45222072678331093,0.7949568454899306,0.07176623230100976,0.0093303999548711,0.009454504428273254,0.08300332825633215,0.03148868956958312,743,88635,2.7994204764971022,37
personalfinancecanada,365,3706,0.06567796610169492,0.00847457627118644,0.00211864406779661,0.3961864406779661,0.527542372881356,0.8392519920777486,0.08336787803417622,0.00345447008428907,0.0038690064944037583,0.05444244852839574,0.015614204780986596,472,21711,0.4924446842957366,5
philosophy,178,2755,0.2796116504854369,0.1563106796116505,0.009708737864077669,0.27766990291262134,0.2766990291262136,0.7254854635216675,0.1050575973669775,0.019835436094349974,0.020559517279210092,0.08943499725726824,0.039626988480526606,1030,45575,3.2304900181488203,50
oldschoolcool,341,4860,0.20270270270270271,0.12567567567567567,0.0036036036036036037,0.26891891891891895,0.39909909909909913,0.7722512092013558,0.07104137309415902,0.011450914676721128,0.012669637303068387,0.10968503637125337,0.022901829353442257,2220,78771,3.7187242798353912,53
subreddit_stats,326,6594,0.3005015959872321,0.13132694938440492,0.007523939808481532,0.2920656634746922,0.26858185134518925,0.8255653785469208,0.06814595907736232,0.01518946129379649,0.017956873450374417,0.039707981667459744,0.03343434596408625,4386,79858,4.004549590536851,81
publichealthwatch,303,5661,0.18533886583679116,0.11168741355463348,0.0,0.4291147994467497,0.27385892116182575,0.829065147671246,0.05654747658481323,0.00998835224099692,0.016466420946819202,0.03765576883187337,0.05027683372425127,2892,62673,2.676205617382088,50
sjwnews,310,5942,0.2127825409197194,0.04598597038191738,0.0,0.6515978176149649,0.08963367108339829,0.8677482312759209,0.06791900463527689,0.010246401561356429,0.005440351305196389,0.007831178336179556,0.040814832886069775,1283,40990,1.0955907101985862,21
againstmensrights,430,6340,0.23743232791956692,0.10518174787316319,0.0003866976024748647,0.41531322505800466,0.24168600154679043,0.8311501110023884,0.08800753343223594,0.013883189714129395,0.011715749713287671,0.028681754574245343,0.026561661563713267,2586,190086,3.730283911671924,55
circlebroke2,307,6495,0.01665642705986757,0.1563929278449041,0.0,0.06921974196190867,0.7577309031333197,0.8845832139881529,0.010162089115964347,0.007094611962916086,0.007814355205530763,0.06351774917845635,0.026827980548979672,14649,1225437,8.697151655119322,184
deadpoolhatersclub,295,5483,0.1260032102728732,0.03130016051364366,0.0,0.8226324237560193,0.020064205457463884,0.8542581211589113,0.0629624984322087,0.009180985827166687,0.009180985827166687,0.0033362598770851626,0.06108114887746143,1246,39865,0.8070399416377895,15
evenwithcontext,318,5597,0.03818517758160542,0.12379388215972079,0.0,0.17388626565386983,0.6641346746048039,0.8740902051877661,0.007571944767066718,0.006565363272680346,0.007204155374887082,0.06938959865789134,0.03517873273970835,9742,309960,7.215651241736644,127
enoughtrumpspam,300,6127,0.23624288425047438,0.137887413029728,0.004111321948134092,0.3029728020240354,0.3187855787476281,0.7634328841478132,0.12180992917822009,0.013446130116623396,0.018250001471774312,0.045760406916161844,0.03730064816940711,3162,169863,4.896360372123389,100
todayilearned,306,6479,0.34615384615384615,0.09567546880979717,0.001722158438576349,0.4073861461921163,0.149062380405664,0.7814626925427229,0.08525085867206103,0.02202520176159471,0.02202125081652865,0.0424305160461049,0.04680948016098784,5226,759312,12.374131810464577,262
leagueoflegends,247,4254,0.31503115264797504,0.12032710280373832,0.004283489096573208,0.19742990654205608,0.3629283489096573,0.7534499496178328,0.1503692644203593,0.012712280960456143,0.014248322642483225,0.04119356582860233,0.028026616530266165,2568,325512,7.722378937470616,133
writingprompts,260,3647,0.3264580369843528,0.1377430061640588,0.002844950213371266,0.17875770507349456,0.3541963015647226,0.8100203509049237,0.06373488500750811,0.012936655338654865,0.01664131036117917,0.07450308227297875,0.022163716114755396,4218,202448,9.766931724705236,137
shitliberalssay,291,5150,0.04317318000194913,0.15222687847188382,0.0,0.06724490790371308,0.7373550336224539,0.8561834972198445,0.019865875186445555,0.009700968009074652,0.01256115298162105,0.07516742404735892,0.026521082555655304,10261,431091,8.645242718446601,153
shitpost,255,3721,0.04293130990415335,0.11052316293929712,0.0002995207667731629,0.0670926517571885,0.7791533546325878,0.9015677098766063,0.0040989329491541585,0.0054425383072275405,0.005590692510209016,0.0656799937332475,0.017620132623555496,10016,587226,9.662725073904864,141
hearthstone,250,3655,0.2605942523136873,0.11446663419386265,0.003896736483195324,0.2201656113005358,0.40087676570871894,0.7378789498058494,0.13990239036728297,0.011542160949022122,0.012268889601367959,0.08109436785294431,0.017313241423533184,2053,140355,4.7879616963064295,70
hearthstonecirclejerk,335,5221,0.19731543624161071,0.036241610738255034,0.0,0.7476510067114094,0.01879194630872483,0.8306111159635484,0.14752380120534545,0.002634873496957522,0.0038431304044021313,0.0014266165895129124,0.0139604623402335,745,68694,0.8341313924535529,13
